ev,Pcl
3.0,0.00060371500623
3.12,0.0006261664461
3.25,0.0010466650826
3.37,0.00070196224685
3.5,0.00036047601755
3.62,0.00029638127008
3.74,0.00011333660478
3.87,1.1944492853e-05
3.99,2.0863325584e-05
4.12,3.9917774167e-05
4.24,4.8097633834e-05
4.36,4.9465300001e-05
4.49,4.8283543096e-05
4.61,4.5858316821e-05
4.74,4.238835106e-05
4.86,3.8754490927e-05
4.98,3.547128707e-05
5.11,3.1957074549e-05
